Player;MP;ORB;AST;STL;BLK;TOV;PTS;FG%;3P%;FT%
Kareem Abdul-Jabbar;37492;2494;3652;983;2694;2527;24176;.567;;.737
Tom Abernethy;2695;218;199;104;32;50;932;.491;;.784
Gary Alcorn;174;;2;;;;31;.300;;.875
Lucius Allen;6881;203;1081;339;67;;3351;.452;;.773
Cliff Anderson;383;;48;;;;161;.372;;.536
Kostas Antetokounmpo;76;6;3;2;4;12;19;.462;;.467
Carmelo Anthony;1793;62;68;47;52;59;919;.441;.375;.830
Trevor Ariza;2892;146;208;176;38;116;981;.453;.307;.692
Chucky Atkins;2903;31;358;73;2;151;1115;.426;.387;.803
D.J. Augustin;373;4;33;7;1;11;112;.453;.426;1.000
Lonzo Ball;3203;123;631;157;62;239;993;.380;.315;.437
Mo Bamba;88;11;4;1;5;8;33;.407;.313;.545
Jim Barnes;2111;;74;;;;823;.434;;.680
Matt Barnes;2460;170;197;74;70;131;847;.459;.327;.756
Dick Barnett;7190;;621;;;;3890;.448;;.795
Jon Barry;374;8;51;24;3;22;121;.365;.295;.931
Brandon Bass;1342;104;74;33;55;42;473;.549;.000;.845
Billy Ray Bates;27;1;0;1;0;0;5;.125;;.500
Elgin Baylor;33863;;3650;;;;23149;.431;;.780
Kent Bazemore;1188;18;105;56;16;72;434;.405;.367;.667
Ed Beach;;;2;;;;22;.229;;.667
Malik Beasley;621;8;31;21;1;30;289;.392;.353;.619
Michael Beasley;277;13;25;9;10;27;181;.490;.176;.718
Zelmo Beaty;1213;93;74;45;29;;380;.439;;.800
Benoit Benjamin;306;24;10;14;13;36;126;.481;;.595
Mario Bennett;354;60;18;19;11;21;177;.593;.500;.364
Patrick Beverley;1211;24;118;40;25;42;288;.402;.348;.780
Tarik Black;2390;272;89;56;84;109;790;.543;.500;.621
Alex Blackwell;109;10;7;4;2;5;34;.333;.000;.750
Steve Blake;4884;57;723;147;13;278;1178;.383;.383;.803
John Block;118;;5;;;;64;.385;;.706
Mike Bloom;;;15;;;;55;.141;;.725
Corie Blount;2915;320;116;77;90;154;709;.514;.100;.581
Vander Blue;119;2;11;4;0;9;25;.286;.167;.429
Tony Bobbitt;12;0;0;0;0;0;5;.400;.500;
Andrew Bogut;216;26;15;4;13;19;36;.680;;1.000
Isaac Bonga;120;9;15;9;4;6;19;.152;.000;.600
Ron Boone;1689;57;161;71;11;160;642;.448;;.865
Bob Boozer;1847;;87;;;;955;.484;;.779
Carlos Boozer;1692;111;95;41;12;92;836;.499;;.627
Sam Bowie;1781;99;165;25;108;134;529;.440;.200;.814
Avery Bradley;2592;49;110;96;14;85;817;.434;.379;.857
Adrian Branch;219;23;16;16;3;24;138;.500;.000;.778
Corey Brewer;1052;34;77;65;16;57;327;.447;.194;.693
Jim Brewer;2073;233;97;82;104;85;387;.489;.125;.373
Frank Brickowski;404;40;12;14;4;25;146;.564;;.678
Bill Bridges;4610;239;371;65;36;;1309;.447;;.690
MarShon Brooks;228;8;21;12;3;17;115;.489;.579;.692
Anthony Brown;599;9;19;14;5;15;115;.310;.286;.850
Chaundee Brown Jr.;21;0;0;0;0;1;2;.143;.000;
Chucky Brown;381;29;23;9;7;27;135;.466;.000;.610
George Brown;6;;0;;;;1;.000;;.500
Jabari Brown;568;3;40;12;2;32;227;.412;.371;.753
Kwame Brown;3619;294;175;82;114;213;1013;.546;.000;.492
Roger Brown;5;;0;;;;1;;;.333
Shannon Brown;3404;68;214;128;49;151;1437;.429;.346;.861
Sterling Brown;24;3;2;3;0;0;0;.000;.000;
Tierre Brown;1066;21;155;32;1;74;333;.356;.361;.787
Tony Brown;27;0;3;0;0;4;5;.667;1.000;
Troy Brown Jr.;1860;62;95;59;16;49;541;.430;.381;.872
Kobe Bryant;48637;1499;6306;1944;640;4010;33643;.447;.329;.837
Thomas Bryant;948;70;35;15;25;30;518;.637;.383;.726
Steve Bucknall;75;5;10;2;1;11;23;.273;.000;.833
Reggie Bullock;524;2;20;16;7;11;177;.412;.343;.810
Bob Burrow;171;;6;;;;55;.314;;.333
Caron Butler;2746;146;146;110;23;125;1195;.445;.304;.862
Dwight Buycks;123;2;14;3;0;12;52;.450;.636;.900
Andrew Bynum;10174;954;461;127;628;610;4597;.566;.111;.687
Marty Byrnes;194;9;13;5;1;22;63;.500;;.867
Devontae Cacok;107;14;2;5;4;5;45;.571;;.455
José Calderón;292;8;51;7;1;26;80;.416;.353;1.000
Kentavious Caldwell-Pope;8157;173;510;298;69;290;3228;.436;.378;.823
Corky Calhoun;3086;212;160;111;58;;693;.446;;.752
Demetrius Calip;58;1;12;1;0;5;11;.222;.200;.667
Mack Calvin;207;6;21;11;1;;95;.329;;.854
Elden Campbell;15460;1207;688;426;1022;758;6408;.467;.105;.679
Tony Campbell;1029;61;62;48;8;88;531;.482;.125;.803
Derrick Caracter;215;19;7;4;10;19;81;.485;;.739
Don Carlson;;;246;;;;775;.336;;.689
Bob Carney;244;;16;;;;69;.375;;.525
Kenny Carr;1939;128;87;58;46;214;872;.477;;.625
Butch Carter;672;34;52;23;1;50;301;.462;.300;.737
Maurice Carter;50;0;2;0;0;6;22;.357;.333;.917
Ron Carter;332;21;25;17;7;40;144;.435;;.667
Jay Carty;192;;11;;;;76;.382;;.727
Alex Caruso;3484;83;436;181;52;213;1082;.429;.377;.720
Colin Castleton;59;6;3;2;0;3;24;.563;;1.000
Cedric Ceballos;4936;395;239;159;47;327;3003;.517;.325;.770
John Celestand;185;1;20;7;0;16;37;.333;.222;.833
Wilt Chamberlain;14815;;1461;;;;5985;.605;;.475
Jerry Chambers;1015;;44;;;;516;.452;;.731
Tyson Chandler;786;85;31;19;22;35;147;.609;.000;.594
Don Chaney;2541;124;325;148;36;11;527;.405;;.750
Jim Chones;4956;323;304;95;161;334;1751;.496;.000;.693
Doug Christie;1847;117;189;111;33;190;814;.433;.313;.712
Max Christie;2610;47;147;64;45;87;802;.433;.373;.832
Archie Clark;4802;;558;;;;2410;.470;;.731
Earl Clark;1363;82;65;36;44;62;428;.440;.337;.697
Jordan Clarkson;7681;242;784;266;30;490;3904;.442;.332;.807
Jim Cleamons;201;;35;;;;98;.350;;.778
Darren Collison;37;0;2;1;0;1;4;.286;.000;
Lester Conner;5;0;0;1;0;0;2;;;1.000
Brian Cook;4152;247;197;103;101;162;1719;.461;.392;.788
Quinn Cook;570;11;54;13;3;36;257;.429;.367;.789
Duane Cooper;645;13;150;18;2;69;156;.392;.233;.714
Joe Cooper;11;2;0;1;1;3;2;.250;;
Michael Cooper;23635;741;3666;1033;523;1429;7729;.469;;.833
Mel Counts;7425;56;546;20;23;;3643;.445;;.764
Freddie Crawford;2446;;249;;;;897;.472;;.573
Joe Crispin;27;0;2;1;0;1;10;.250;.000;.800
Javaris Crittenton;171;7;18;7;0;22;72;.491;.333;.679
Lloyd Daniels;541;27;36;20;10;23;185;.390;.267;.800
Troy Daniels;456;12;14;8;3;9;174;.392;.357;.625
Adrian Dantley;3760;302;326;133;19;316;2128;.515;;.825
Anthony Davis;10741;863;987;389;674;684;7739;.532;.282;.794
Brad Davis;399;4;92;17;2;41;101;.458;;.758
Ed Davis;1840;230;94;49;98;58;656;.601;;.487
Luol Deng;1499;63;75;49;20;44;427;.387;.309;.730
Corky Devlin;1248;;167;;;;473;.348;;.773
Ernie DiGregorio;332;5;71;6;0;46;98;.410;;.800
Spencer Dinwiddie;678;4;68;13;13;29;191;.397;.389;.880
Vlade Divac;15517;1438;1375;649;834;1167;6531;.509;.229;.707
Luka Don?i?;984;24;211;45;12;104;789;.438;.379;.791
Sekou Doumbouya;16;2;0;3;2;2;14;.625;.500;.750
Larry Drew;1829;17;335;62;5;144;557;.441;.404;.768
Andre Drummond;520;65;30;23;20;43;250;.531;;.605
Jared Dudley;445;10;33;16;4;10;74;.377;.417;1.000
Chris Duhon;820;11;133;20;1;40;133;.382;.363;.462
Walter Dukes;1866;;54;;;;720;.364;;.689
Jack Dwan;;;129;;;;276;.318;;.493
Devin Ebanks;711;51;24;18;12;35;224;.385;.222;.722
James Edwards;1809;85;92;30;38;138;908;.458;;.677
Johnny Egan;3432;;431;;;;1225;.424;;.839
Ray Ellefson;;;0;;;;2;.200;;
Wayne Ellington;2485;41;135;56;7;69;937;.412;.379;.813
Boo Ellis;1873;;86;;;;607;.402;;.695
Leroy Ellis;8569;;259;;;;3249;.429;;.691
Tyler Ennis;1075;24;157;49;12;59;394;.432;.318;.804
Bo Erias;401;;26;;;;148;.347;;.638
Keith Erickson;8183;;903;;;;2851;.447;;.743
Maurice Evans;1828;97;86;43;15;57;669;.426;.350;.788
Christian Eyenga;19;1;1;0;1;1;8;.500;.000;1.000
John Fairchild;171;;11;;;;60;.258;;.700
Jordan Farmar;6358;117;843;268;41;435;2492;.429;.372;.671
Ron Feiereisel;59;;6;;;;30;.286;;.875
Ray Felix;3684;;121;;;;1206;.398;;.687
Arnie Ferrin;;;278;;;;1037;.332;;.686
Hank Finkel;141;;5;;;;41;.362;;.583
Dorian Finney-Smith;1239;49;59;40;11;38;341;.442;.398;.714
Derek Fisher;23211;294;2685;968;73;974;7223;.402;.375;.799
Ed Fleming;3231;;266;;;;1265;.368;;.722
Don Ford;7685;435;523;240;121;211;2618;.468;;.759
Donnie Forman;;;74;;;;179;.294;;.642
Greg Foster;451;29;32;9;12;25;125;.421;.333;.714
Larry Foust;5531;;273;;;;2715;.393;;.765
Rick Fox;12733;430;1399;415;152;781;4207;.436;.345;.767
Donnie Freeman;1480;72;171;57;11;;689;.434;;.819
Jim Fritsche;8;;0;;;;1;.000;;.250
Channing Frye;150;2;10;1;1;4;52;.465;.360;.750
Alex Fudge;14;2;0;0;0;1;4;.167;.000;1.000
Wenyen Gabriel;1335;150;48;30;44;59;499;.571;.271;.615
Earl Gardner;;;19;;;;89;.376;;.464
Dick Garmaker;9172;;821;;;;4156;.391;;.786
Calvin Garrett;478;24;31;12;2;34;188;.513;.333;.769
Dick Garrett;2318;;180;;;;846;.434;;.852
Marc Gasol;993;38;109;26;58;53;262;.454;.410;.720
Pau Gasol;15326;1252;1508;239;607;873;7610;.522;.263;.780
Devean George;8109;415;428;307;173;340;2572;.392;.340;.718
Mel Gibson;53;;6;;;;13;.300;;.500
Harry Giles;19;0;0;1;0;0;2;.167;.000;
Normie Glick;;;0;;;;2;1.000;;
Gail Goodrich;21765;285;2863;351;35;;13044;.460;;.817
Jordan Goodwin;512;36;38;28;11;24;149;.446;.381;.818
Andrew Goudelock;425;6;20;4;0;21;175;.386;.373;.917
Brian Grant;1136;101;34;23;23;43;263;.493;;.722
Bud Grant;;;90;;;;249;.318;;.590
Horace Grant;3496;299;192;75;82;77;880;.448;.000;.762
Travis Grant;159;0;7;0;0;;128;.433;;.828
A.C. Green;21451;2089;808;657;395;935;7789;.503;.245;.747
Danny Green;1687;51;91;85;32;63;547;.416;.367;.688
Devin Green;135;10;7;3;0;5;25;.214;.000;.619
Jerry Grote;33;;4;;;;14;.545;;1.000
Pétur Guðmundsson;128;17;3;3;4;11;58;.541;;.667
Rui Hachimura;4433;171;187;94;65;112;2015;.517;.402;.747
Happy Hairston;13670;639;920;116;28;;5993;.482;;.785
Jack Haley;394;31;7;7;8;25;76;.369;;.483
Dennis Hamilton;378;;30;;;;121;.500;;1.000
Steve Hamilton;1094;;43;;;;368;.372;;.697
Alan Hardy;111;8;3;1;9;11;51;.373;;.700
Derek Harper;1120;13;187;44;4;52;309;.412;.368;.813
Ron Harper;3181;142;383;124;64;194;864;.423;.292;.687
Montrezl Harrell;1580;158;73;46;49;74;931;.622;.000;.707
Elias Harris;11;1;1;1;0;0;0;.000;;
Manny Harris;180;7;11;4;1;9;73;.400;.350;.833
Bob Harrison;3974;;730;;;;1754;.346;;.701
Josh Hart;3176;77;173;111;56;105;1021;.435;.361;.695
Antonio Harvey;819;65;28;23;60;42;249;.416;1.000;.507
Billy Hassett;;;69;;;;111;.262;;.522
Connie Hawkins;3564;216;499;156;101;;1255;.480;;.746
Tom Hawkins;10984;;518;;;;4084;.449;;.560
Nate Hawthorne;229;16;23;9;6;;106;.409;;.625
Jaxson Hayes;1970;147;91;65;80;86;686;.721;.000;.622
Nigel Hayes;11;0;2;0;0;0;3;.333;.000;1.000
Spencer Haywood;1544;132;93;35;57;134;736;.487;.250;.772
Walt Hazzard;4759;;856;;;;2109;.435;;.707
Jerome Henderson;3;0;0;0;0;0;4;.667;;
Xavier Henry;994;27;54;47;7;60;452;.411;.346;.647
Fred Hetzel;613;;37;;;;282;.434;;.779
Bill Hewitt;1933;;104;;;;605;.429;;.562
Roy Hibbert;1878;132;95;32;110;76;481;.443;.000;.807
Mike Higgins;18;1;1;1;2;0;1;;;.500
Jordan Hill;3914;464;172;76;141;214;1764;.495;.214;.701
Lew Hitch;3328;;216;;;;864;.378;;.681
D'Moi Hodge;41;0;5;1;1;1;14;.333;.250;.500
Brad Holland;492;13;45;36;2;44;236;.423;.222;.769
Jim Holstein;3124;;211;;;;787;.328;;.646
Jalen Hood-Schifino;123;3;9;3;3;10;38;.239;.133;.636
Johnny Horan;50;;1;;;;12;.250;;.800
Ron Horn;289;;10;;;;74;.329;;.690
Robert Horry;11367;807;986;497;446;526;2842;.421;.325;.744
Talen Horton-Tucker;2896;64;346;130;51;193;1216;.437;.276;.783
Dwight Howard;4999;541;188;149;301;356;2185;.616;.462;.519
Lou Hudson;3969;144;334;152;31;249;1891;.505;;.821
Marcelo Huertas;1106;20;234;36;9;99;300;.409;.250;.783
Jay Huff;20;1;1;1;1;1;0;.000;.000;
Hot Rod Hundley;9553;;1455;;;;3625;.347;;.721
Lindsey Hunter;1616;18;129;66;19;55;473;.382;.380;.500
Joe Hutton;723;;115;;;;302;.331;;.690
D.J. Mbenga;732;56;23;19;69;36;230;.475;.000;.541
Darrall Imhoff;7930;;628;;;;2387;.470;;.599
Andre Ingram;79;2;7;4;3;4;24;.348;.417;1.000
Brandon Ingram;6014;158;550;123;110;394;2639;.458;.329;.662
McCoy Ingram;267;;20;;;;67;.262;;.464
Jim Jackson;92;0;4;2;0;5;22;.290;.364;
Tony Jackson;14;0;2;2;0;0;2;.333;;
Sam Jacobson;30;0;2;1;0;3;18;.571;.000;.500
Bronny James;143;3;16;5;3;10;58;.333;.300;.786
LeBron James;14743;413;3376;480;262;1505;11146;.513;.360;.729
Antawn Jamison;1636;109;50;30;22;53;712;.464;.361;.691
Tony Jaros;;;190;;;;824;.316;;.699
Trey Jemison;201;18;5;2;8;9;54;.625;;.400
Clay Johnson;512;48;31;25;7;32;169;.413;.000;.759
Magic Johnson;33245;1601;10141;1724;374;3506;17707;.520;.303;.848
Ron Johnson;43;;1;;;;6;.154;;.667
Stanley Johnson;1094;34;80;43;14;35;320;.466;.314;.716
Trey Johnson;13;0;0;0;0;0;6;.667;;1.000
Wesley Johnson;4485;137;248;145;122;177;1468;.420;.360;.799
Darius Johnson-Odom;6;1;1;0;0;0;0;.000;.000;
Howie Jolliff;1739;;112;;;;388;.367;;.527
Damian Jones;288;26;5;4;19;14;98;.667;.000;.813
Dwight Jones;491;28;22;13;9;35;156;.470;.000;.667
Earl Jones;7;0;0;0;0;1;0;.000;;
Eddie Jones;10797;319;951;644;214;510;4784;.463;.378;.769
Jemerrio Jones;158;18;13;8;5;5;31;.389;.200;.500
Jumaine Jones;1830;107;65;44;24;49;577;.432;.391;.733
Mason Jones;51;1;4;2;0;1;27;.467;.250;.800
DeAndre Jordan;408;51;13;10;26;21;132;.674;;.462
Eddie Jordan;1955;37;411;171;9;248;631;.404;.189;.702
Reggie Jordan;259;46;26;14;5;14;125;.427;.500;.686
Johnny Jorgensen;;;33;;;;106;.360;;.727
Whitey Kachan;;;12;;;;47;.381;;.682
Ed Kalafat;4358;;310;;;;1474;.345;;.688
Chris Kaman;736;54;58;11;40;74;404;.509;.000;.765
Jason Kapono;269;2;11;3;0;6;54;.382;.296;1.000
Coby Karl;71;3;9;4;2;5;30;.346;.308;.800
Ryan Kelly;3015;76;207;75;79;102;956;.381;.313;.796
Jerome Kersey;1766;112;89;119;49;74;476;.432;.262;.602
Randolph Keys;83;6;2;1;2;2;20;.346;.000;1.000
Earnie Killum;12;;0;;;;1;.000;;1.000
Frankie King;20;1;2;2;0;2;7;.273;.000;.333
Jim King;3932;;511;;;;1290;.417;;.757
Joe Kleine;30;2;0;0;0;0;6;.250;;1.000
Dalton Knecht;1456;35;66;24;6;35;679;.463;.375;.750
Travis Knight;2091;210;93;58;108;110;607;.484;.000;.643
Christian Koloko;322;32;16;7;11;12;86;.613;.000;.833
Jim Krebs;10661;;429;;;;4128;.405;;.755
Larry Krystkowiak;11;2;3;2;0;1;3;.500;;.500
Mitch Kupchak;2644;236;78;47;43;177;1113;.503;.000;.690
C.J. Kupec;963;80;58;21;4;;411;.427;;.759
Kyle Kuzma;8195;308;526;153;127;477;4206;.448;.338;.727
Bo Lamar;1165;30;177;59;3;;502;.406;;.676
Jeff Lamp;183;6;15;8;2;16;62;.391;.500;.857
Mark Landsberger;2950;440;85;47;22;159;970;.466;.000;.519
Stu Lantz;2283;109;234;71;13;;773;.422;;.849
Rudy LaRusso;18886;;1215;;;;8231;.434;;.757
Butch Lee;31;4;9;1;0;7;14;.308;;.857
Alex Len;109;13;7;1;2;6;18;.444;.500;.250
Slick Leonard;8289;;906;;;;2852;.340;;.746
Ronnie Lester;500;4;134;24;6;74;156;.448;.000;.720
Maxwell Lewis;132;4;8;3;1;12;15;.222;.111;.667
Jeremy Lin;1907;26;339;82;32;166;832;.424;.369;.795
Brook Lopez;1735;74;126;30;98;98;961;.465;.345;.703
Stan Love;1129;85;74;44;33;;504;.432;;.738
Clyde Lovellette;8626;;454;;;;4859;.430;;.707
Maurice Lucas;1750;164;84;45;24;121;785;.462;.500;.783
Tyronn Lue;802;9;87;27;0;47;253;.439;.379;.698
George Lynch;3727;377;209;200;47;200;1313;.479;.179;.645
Mike Lynn;403;;30;;;;119;.331;;.646
Scott Machado;19;0;3;1;0;0;10;.667;1.000;1.000
Ollie Mack;155;7;20;4;0;9;51;.420;.000;.500
Mark Madsen;2072;249;106;39;40;76;478;.450;.333;.638
Karl Malone;1373;61;163;50;20;103;554;.483;.000;.747
Nick Mantis;71;;9;;;;21;.256;;.500
Kendall Marshall;1564;15;477;48;4;150;430;.406;.399;.528
Slater Martin;13130;;2007;;;;4813;.376;;.761
Wes Matthews;1238;29;238;48;7;120;497;.467;.242;.822
Wesley Matthews;1130;20;54;38;17;26;279;.353;.335;.854
Skylar Mays;77;1;10;7;1;2;22;.476;.400;
Bob McAdoo;4475;282;212;122;179;341;2701;.494;.000;.759
Mel McCants;65;1;2;3;1;1;22;.308;;.750
Willie McCarter;2230;;219;;;;847;.403;;.650
George McCloud;286;7;17;9;0;9;95;.354;.429;.667
Mac McClung;22;0;1;1;1;2;6;.400;.333;1.000
Jelani McCoy;104;8;7;0;5;8;26;.571;;.250
Jim McDaniels;242;26;15;4;10;;91;.402;;1.000
JaVale McGee;2801;320;89;83;242;163;1343;.628;.222;.637
Mike McGee;4541;332;277;170;28;323;2465;.519;.333;.593
Billy McGill;37;;3;;;;15;.350;;1.000
Kevin McKenna;237;18;14;10;2;20;67;.322;.000;.647
Aaron McKie;252;4;24;9;0;10;29;.483;.000;.500
Cliff Meely;139;10;9;5;4;;64;.392;;.750
Chuck Mencel;2821;;333;;;;983;.341;;.765
Chris Mihm;3794;377;134;35;201;220;1457;.486;.000;.696
George Mikan;8350;;1245;;;;10156;.404;;.782
Vern Mikkelsen;18443;;1515;;;;10063;.403;;.766
Anthony Miller;650;78;39;24;8;46;225;.509;.286;.616
Shake Milton;302;14;35;9;2;17;100;.451;.300;.850
Steve Mix;17;1;2;0;0;0;9;.400;;1.000
Malik Monk;2139;37;218;61;29;122;1048;.473;.391;.795
Darius Morris;852;26;97;23;2;64;240;.396;.373;.652
Markieff Morris;1490;67;92;27;26;61;514;.396;.313;.742
Adam Morrison;285;12;21;3;2;13;84;.371;.240;.600
Timofey Mozgov;1104;104;43;16;31;72;401;.515;.000;.808
Erwin Mueller;973;;78;;;;325;.520;;.592
Tracy Murray;193;5;12;5;3;14;61;.324;.211;.778
Mike Muscala;265;6;14;4;11;5;100;.434;.368;.875
Cotton Nash;167;;10;;;;53;.246;;.781
Steve Nash;1940;30;419;37;7;157;738;.478;.422;.921
Johnny Neumann;888;19;137;28;8;;346;.402;;.667
Chuck Nevitt;84;8;5;2;17;15;22;.286;;.429
Zach Norvell;5;0;0;0;0;0;0;.000;;
Kendrick Nunn;528;5;34;11;3;31;262;.406;.325;.810
David Nwaba;397;17;14;13;7;11;120;.580;.200;.641
Shaquille O'Neal;19329;1957;1593;317;1278;1446;13895;.575;.000;.533
Kevin O'Shea;;;100;;;;271;.326;;.724
Lamar Odom;18204;1149;1944;444;451;1120;7092;.491;.330;.683
Jawann Oldham;9;0;1;0;0;1;5;.667;;.500
Quincy Olivari;10;0;1;0;0;1;3;.200;.200;
Smush Parker;5230;82;530;259;26;300;1848;.441;.366;.670
Myles Patrick;9;1;1;0;0;1;5;.400;;.500
Ruben Patterson;144;17;2;5;3;12;65;.412;.167;.710
Jim Paxson;1274;;86;;;;446;.285;;.720
Anthony Peeler;5746;219;500;214;45;320;2691;.447;.382;.778
Mike Penberthy;863;10;73;24;2;34;272;.415;.396;.886
Sam Perkins;6425;470;377;168;191;262;2697;.468;.235;.821
John Pilch;41;;2;;;;5;.100;;.500
Josh Powell;1284;115;62;18;23;84;419;.409;.438;.716
Jim Price;5002;163;747;244;44;100;2227;.456;;.796
Ronnie Price;982;19;165;67;4;52;221;.345;.284;.800
Taurean Prince;2108;21;119;58;35;73;697;.442;.396;.735
Laron Profit;279;8;15;11;5;24;104;.476;.167;.875
Vladimir Radmanovi?;3240;127;227;99;37;189;1177;.442;.400;.776
Kurt Rambis;10059;1038;483;481;319;669;2816;.550;.000;.681
Julius Randle;6622;503;618;145;111;536;3219;.493;.257;.717
Cam Reddish;1573;44;70;80;24;43;365;.393;.318;.713
Davon Reed;27;1;4;2;0;0;8;.750;.500;.250
Hub Reed;386;;23;;;;76;.363;;.667
J.R. Reid;473;24;23;15;0;23;126;.407;.000;.717
Glen Rice;3515;65;247;64;18;159;1744;.430;.376;.870
Mitch Richmond;709;14;57;18;6;40;260;.405;.290;.955
David Rivers;440;13;106;23;9;61;134;.402;.167;.833
Rick Roberson;2914;;139;;;;982;.436;;.586
Fred Roberts;317;18;26;16;4;24;122;.495;.286;.786
Marv Roberts;209;9;19;4;2;;58;.355;;.667
Cliff Robinson;78;7;9;5;0;7;29;.407;.000;.875
Flynn Robinson;1054;;146;;;;669;.490;;.854
Dave Robisch;1898;135;137;39;39;90;644;.434;;.756
John Roche;52;0;6;0;0;;8;.214;;.500
Dennis Rodman;657;62;30;10;12;31;49;.348;.000;.436
Rajon Rondo;2642;67;674;109;14;252;821;.403;.337;.646
Bryon Russell;945;32;71;32;12;37;289;.402;.384;.769
Cazzie Russell;5263;170;441;166;12;;2847;.474;;.877
D'Angelo Russell;7843;121;1290;282;77;617;4062;.428;.376;.784
Matt Ryan;129;2;4;2;0;3;47;.306;.371;.800
Robert Sacre;2745;212;126;56;110;102;787;.436;.000;.671
John Salley;303;20;26;8;14;18;71;.362;;.750
Soumaila Samake;77;10;4;0;5;2;22;.417;;1.000
Jamal Sampson;130;23;7;2;4;6;29;.478;;.583
Danny Schayes;133;15;8;5;2;9;36;.368;;.800
Dick Schnittker;6744;;438;;;;2735;.376;;.820
Dennis Schröder;3942;51;649;120;23;275;1771;.427;.332;.853
Howie Schultz;1775;;131;;;;359;.279;;.735
Byron Scott;25533;600;2365;1038;232;1275;12780;.490;.373;.833
Charlie Scott;1393;38;235;59;11;133;560;.442;;.775
Shea Seals;9;3;0;1;0;0;4;.125;.000;.500
Frank Selvy;9936;;1157;;;;3756;.407;;.728
Ramon Sessions;701;14;142;17;2;59;291;.479;.486;.713
Chuck Share;18;;2;;;;7;.750;;1.000
Whitey Skoog;9193;;903;;;;2800;.388;;.799
Bobby Smith;137;;14;;;;37;.236;;.688
Don Smith;;;2;;;;6;.154;;.667
Elmore Smith;5263;414;295;155;609;;1819;.472;;.540
J.R. Smith;79;0;3;1;0;4;17;.318;.091;1.000
Joe Smith;44;2;3;0;4;3;6;.167;;1.000
Tony Smith;4908;250;557;222;48;285;1824;.438;.294;.707
Mike Smrek;654;40;13;11;55;49;208;.454;;.659
Ron Sobie;13;;2;;;;2;.250;;.000
Rory Sparrow;471;3;79;12;5;31;124;.399;.154;.615
Lance Stephenson;1123;32;140;41;7;86;491;.426;.371;.685
Derek Strong;746;60;32;18;12;20;214;.426;.111;.812
Gene Stump;;;23;;;;61;.284;;.500
Don Sunderlage;404;;37;;;;114;.248;;.658
Cole Swider;41;1;4;0;0;0;9;.333;.375;
Earl Tatum;1912;106;188;122;32;53;989;.473;;.736
Terry Teagle;3100;173;195;97;17;197;1695;.448;.077;.791
Irving Thomas;108;14;10;4;1;13;46;.340;;.571
Mychal Thompson;7641;649;206;166;264;393;2990;.514;.000;.680
Sedale Threatt;11312;159;2018;542;69;605;4594;.489;.328;.829
Jack Tingle;;;1;;;;2;.167;;
Ray Tolbert;82;9;5;3;3;11;42;.571;;.769
Juan Toscano-Anderson;365;14;25;10;7;17;81;.500;.200;.733
Armel Traoré;67;2;1;4;2;3;14;.316;.000;.286
John Trapp;794;;44;;;;342;.436;;.699
John Tresvant;287;;27;;;;160;.528;;.667
Ronny Turiaf;2706;194;199;48;196;131;944;.504;.000;.703
Bill Turner;117;;11;;;;38;.327;;.571
Ime Udoka;28;1;2;2;1;3;8;.333;.000;.500
Nick Van Exel;13147;178;2749;391;40;837;5633;.410;.364;.795
Jarred Vanderbilt;1787;158;119;101;21;86;484;.512;.293;.670
Gabe Vincent;1745;24;119;60;13;46;494;.390;.332;.696
Jay Vincent;200;7;10;8;3;19;90;.526;.000;.667
Sasha Vuja?i?;5988;138;485;235;22;204;2033;.393;.372;.876
Von Wafer;73;5;4;3;0;1;20;.158;.118;.750
Milt Wagner;380;4;61;6;4;22;152;.422;.200;.897
Moritz Wagner;446;17;24;11;13;39;207;.415;.286;.811
Dion Waiters;165;2;17;4;4;13;83;.425;.233;.875
Paul Walther;;;10;;;;75;.400;;.524
Luke Walton;8529;436;1121;268;88;512;2434;.433;.326;.724
Cornell Warner;2682;244;117;56;48;;645;.478;;.694
Kermit Washington;3934;511;183;119;152;53;1343;.466;;.642
Bobby Watson;546;;62;;;;146;.358;;.629
Travis Wear;228;0;7;4;5;6;75;.347;.362;1.000
Walt Wesley;7;0;1;0;0;;4;.500;;.500
Jerry West;36571;30;6238;81;23;;25192;.474;;.814
Russell Westbrook;4169;169;941;128;43;479;2268;.434;.297;.662
John Wetzel;434;;51;;;;139;.437;;.761
Gene Wiley;6386;;252;;;;1273;.471;;.506
Jamaal Wilkes;19270;1063;1474;706;191;1195;10601;.516;;.754
Bob Williams;193;;7;;;;70;.440;;.542
Derrick Williams;9;0;0;0;0;0;2;.250;.000;
Johnathan Williams;372;48;13;8;7;16;157;.591;.000;.563
Lou Williams;3310;45;350;127;30;227;2106;.427;.364;.854
Ron Williams;158;2;21;3;0;;44;.395;;.769
Shammond Williams;345;11;31;12;0;13;94;.407;.400;.667
Shawne Williams;751;25;30;19;30;21;202;.380;.326;.700
Trevor Wilson;126;12;12;5;1;6;51;.487;;.520
Dylan Windler;28;0;6;0;0;0;12;.444;.500;
Brian Winters;1516;39;195;74;18;;794;.443;;.826
Christian Wood;872;39;49;16;33;50;347;.466;.307;.702
Orlando Woolridge;2912;130;154;69;111;176;1503;.514;.000;.736
Metta World Peace;10015;395;699;453;139;400;3197;.394;.335;.685
James Worthy;30001;1561;2791;1041;624;1859;16320;.521;.241;.769
Wayne Yates;263;;16;;;;72;.295;;.455
Nick Young;5399;85;228;129;44;205;2890;.405;.377;.846
Sun Yue;28;0;2;1;1;3;6;.273;.000;
Ivica Zubac;1535;140;80;26;75;89;726;.541;.000;.771
